design_case,pP_true,true_effect,P_Stage1_Go,P_Stage1_Go_and_Final_Go,P_Final_Go_without_IA,Opportunity_loss_from_binding_IA
one_effective,0.3000000000,0.0000000000,0.4288364145,0.1887766644,0.2578469098,0.0690702454
one_effective,0.3000000000,0.0500000000,0.5059398166,0.2861141324,0.3823611559,0.0962470235
one_effective,0.3000000000,0.1000000000,0.6035842996,0.4385888827,0.5694386817,0.1308497990
one_effective,0.3000000000,0.1500000000,0.7151488165,0.6236832940,0.7733288485,0.1496455545
one_effective,0.3000000000,0.2000000000,0.8277170251,0.7958015170,0.9235863985,0.1277848816
one_effective,0.3500000000,0.0000000000,0.4397352569,0.2002908812,0.2725494862,0.0722586050
one_effective,0.3500000000,0.0500000000,0.5144544491,0.2962595115,0.3945206490,0.0982611375
one_effective,0.3500000000,0.1000000000,0.6064912770,0.4406713413,0.5708879000,0.1302165587
one_effective,0.3500000000,0.1500000000,0.7092186144,0.6119866495,0.7604675723,0.1484809229
one_effective,0.3500000000,0.2000000000,0.8116346281,0.7719562218,0.9054414486,0.1334852268
one_effective,0.4000000000,0.0000000000,0.4470255618,0.2081251976,0.2824540563,0.0743288587
one_effective,0.4000000000,0.0500000000,0.5202736530,0.3032587064,0.4028229031,0.0995641967
one_effective,0.4000000000,0.1000000000,0.6086314460,0.4423321438,0.5721139804,0.1297818366
one_effective,0.4000000000,0.1500000000,0.7055099301,0.6044074874,0.7519526577,0.1475451703
one_effective,0.4000000000,0.2000000000,0.8011519152,0.7558295865,0.8923373460,0.1365077595
one_effective,0.4500000000,0.0000000000,0.4514851599,0.2128761321,0.2883687236,0.0754925915
one_effective,0.4500000000,0.0500000000,0.5240669863,0.3077693603,0.4080843987,0.1003150384
one_effective,0.4500000000,0.1000000000,0.6101943517,0.4435949440,0.5730530740,0.1294581300
one_effective,0.4500000000,0.1500000000,0.7032513787,0.5995802218,0.7464024871,0.1468222653
one_effective,0.4500000000,0.2000000000,0.7942766026,0.7449499713,0.8831056293,0.1381556580
one_effective,0.5000000000,0.0000000000,0.4535236163,0.2148668154,0.2907276811,0.0758608657
one_effective,0.5000000000,0.0500000000,0.5261973583,0.3101538263,0.4107516704,0.1005978441
one_effective,0.5000000000,0.1000000000,0.6112880210,0.4444807731,0.5736806781,0.1291999050
one_effective,0.5000000000,0.1500000000,0.7020437950,0.5967783448,0.7430642136,0.1462858688
one_effective,0.5000000000,0.2000000000,0.7899802403,0.7379730683,0.8769849003,0.1390118320
one_effective,0.5500000000,0.0000000000,0.4532985741,0.2142086763,0.2896792440,0.0754705677
one_effective,0.5500000000,0.0500000000,0.5268355899,0.3105740138,0.4110212831,0.1004472693
one_effective,0.5500000000,0.1000000000,0.6119727147,0.4450030172,0.5739859215,0.1289829043
one_effective,0.5500000000,0.1500000000,0.7016825210,0.5956189441,0.7415332547,0.1459143106
one_effective,0.5500000000,0.2000000000,0.7877114751,0.7341507351,0.8735047810,0.1393540459
one_effective,0.6000000000,0.0000000000,0.4507543437,0.2108199218,0.2851125080,0.0742925862
one_effective,0.6000000000,0.0500000000,0.5260056787,0.3090280622,0.4088860108,0.0998579486
one_effective,0.6000000000,0.1000000000,0.6122749350,0.4451648074,0.5739605413,0.1287957339
one_effective,0.6000000000,0.1500000000,0.7020820975,0.5959348797,0.7416287885,0.1456939088
one_effective,0.6000000000,0.2000000000,0.7871949040,0.7330996449,0.8724085091,0.1393088643
one_effective,0.6500000000,0.0000000000,0.4456029828,0.2044061359,0.2766312576,0.0722251216
one_effective,0.6500000000,0.0500000000,0.5235875079,0.3053471726,0.4041308313,0.0987836587
one_effective,0.6500000000,0.1000000000,0.6121914722,0.4449569918,0.5735942523,0.1286372605
one_effective,0.6500000000,0.1500000000,0.7032472765,0.5977249318,0.7433443810,0.1456194493
one_effective,0.6500000000,0.2000000000,0.7883460243,0.7346999253,0.8736113030,0.1389113777
both_effective,0.3000000000,0.0000000000,0.4288364145,0.1887766644,0.2578469098,0.0690702454
both_effective,0.3000000000,0.0500000000,0.5650389222,0.3600511010,0.4687181484,0.1086670474
both_effective,0.3000000000,0.1000000000,0.6995796264,0.5684305099,0.6997789056,0.1313483957
both_effective,0.3000000000,0.1500000000,0.8175689496,0.7599360116,0.8789766162,0.1190406046
both_effective,0.3000000000,0.2000000000,0.9071332414,0.8920239672,0.9700237857,0.0779998185
both_effective,0.3500000000,0.0000000000,0.4397352569,0.2002908812,0.2725494862,0.0722586050
both_effective,0.3500000000,0.0500000000,0.5724105125,0.3700014884,0.4802238417,0.1102223533
both_effective,0.3500000000,0.1000000000,0.7013503821,0.5702958997,0.7012559153,0.1309600156
both_effective,0.3500000000,0.1500000000,0.8135377124,0.7525414591,0.8722197404,0.1196782813
both_effective,0.3500000000,0.2000000000,0.8994102935,0.8808339869,0.9633334257,0.0824994388
both_effective,0.4000000000,0.0000000000,0.4470255618,0.2081251976,0.2824540563,0.0743288587
both_effective,0.4000000000,0.0500000000,0.5775407291,0.3769449667,0.4881580948,0.1112131281
both_effective,0.4000000000,0.1000000000,0.7027170746,0.5718228532,0.7024902075,0.1306673543
both_effective,0.4000000000,0.1500000000,0.8108116264,0.7475569432,0.8676348711,0.1200779279
both_effective,0.4000000000,0.2000000000,0.8950688494,0.8737915732,0.9583676024,0.0845760292
both_effective,0.4500000000,0.0000000000,0.4514851599,0.2128761321,0.2883687236,0.0754925915
both_effective,0.4500000000,0.0500000000,0.5809987886,0.3813170601,0.4930603781,0.1117433180
both_effective,0.4500000000,0.1000000000,0.7039961901,0.5737056411,0.7083781772,0.1346725361
both_effective,0.4500000000,0.1500000000,0.8092997391,0.7446408071,0.8648386537,0.1201978466
both_effective,0.4500000000,0.2000000000,0.8901191539,0.8643282827,0.9536925203,0.0893642376
both_effective,0.5000000000,0.0000000000,0.4535236163,0.2148668154,0.2907276811,0.0758608657
both_effective,0.5000000000,0.0500000000,0.5831784578,0.3839491764,0.4958569461,0.1119077697
both_effective,0.5000000000,0.1000000000,0.7049056804,0.5748984042,0.7119751044,0.1370767002
both_effective,0.5000000000,0.1500000000,0.8089131587,0.7435664323,0.8635992511,0.1200328188
both_effective,0.5000000000,0.2000000000,0.8873938378,0.8584217733,0.9505546313,0.0921328580
both_effective,0.5500000000,0.0000000000,0.4532985741,0.2142086763,0.2896792440,0.0754705677
both_effective,0.5500000000,0.0500000000,0.5843579846,0.3850994572,0.4969761798,0.1118767226
both_effective,0.5500000000,0.1000000000,0.7054846643,0.5753156101,0.7139161773,0.1386005672
both_effective,0.5500000000,0.1500000000,0.8096183650,0.7442292555,0.8638037222,0.1195744667
both_effective,0.5500000000,0.2000000000,0.8865441113,0.8559554561,0.9489890198,0.0930335637
both_effective,0.6000000000,0.0000000000,0.4507543437,0.2108199218,0.2851125080,0.0742925862
both_effective,0.6000000000,0.0500000000,0.5847229520,0.3847700824,0.4965520536,0.1117819712
both_effective,0.6000000000,0.1000000000,0.7057249614,0.5750601366,0.7143409854,0.1392808488
both_effective,0.6000000000,0.1500000000,0.8114490878,0.7466478623,0.8654399160,0.1187920537
both_effective,0.6000000000,0.2000000000,0.8874751618,0.8566320757,0.9489534484,0.0923213727
both_effective,0.6500000000,0.0000000000,0.4456029828,0.2044061359,0.2766312576,0.0722251216
both_effective,0.6500000000,0.0500000000,0.5842356807,0.3829922253,0.4945454969,0.1115532716
both_effective,0.6500000000,0.1000000000,0.7055674728,0.5741905650,0.7132039931,0.1390134281
both_effective,0.6500000000,0.1500000000,0.8145166360,0.7509672189,0.8685875319,0.1176203130
both_effective,0.6500000000,0.2000000000,0.8903275753,0.8605475963,0.9502788237,0.0897312274
