IA_label,IA_fraction,n1_per_arm,Stage1_total,CP_Go_threshold,Minimum_event_difference_for_individual_Go,Observed_RD_at_boundary,CP_at_boundary,Scenario,pP_true,pL_true,pH_true,P_Stage1_Go,P_Stage1_Go_and_Final_Go,P_Final_Go_without_binding_IA,Final_Go_probability_lost_to_IA,Expected_total_N_no_overrun,Boundary_total_randomized,Additional_randomized_to_boundary,Lambda_max,Max_post_Stage1_rate_per_month,Retained_fraction_of_ordinary_accrual,Approx_IA_decision_month,Approx_Go_calendar_penalty_months
30%,0.30,15,45,0.70,2,0.133333,0.754922,Null,0.45,0.45,0.45,0.430698,0.198568,0.288369,0.089800,90.2233,105,60,47.8523,7.9754,0.8862,11.0000,0.6831
30%,0.30,15,45,0.70,2,0.133333,0.754922,One promising,0.45,0.45,0.35,0.573909,0.414593,0.573053,0.158460,105.2605,105,60,47.8523,7.9754,0.8862,11.0000,0.6831
30%,0.30,15,45,0.70,2,0.133333,0.754922,One target,0.45,0.45,0.30,0.660122,0.561823,0.746402,0.184579,114.3128,105,60,47.8523,7.9754,0.8862,11.0000,0.6831
30%,0.30,15,45,0.70,2,0.133333,0.754922,Both target,0.45,0.30,0.30,0.767377,0.706453,0.864839,0.158385,125.5746,105,60,47.8523,7.9754,0.8862,11.0000,0.6831
35%,0.35,18,54,0.70,2,0.111111,0.727285,Null,0.45,0.45,0.45,0.451485,0.212876,0.288369,0.075493,97.3426,105,51,39.8487,6.6415,0.7379,12.0000,1.5724
35%,0.35,18,54,0.70,2,0.111111,0.727285,One promising,0.45,0.45,0.35,0.610194,0.443595,0.573053,0.129458,112.5787,105,51,39.8487,6.6415,0.7379,12.0000,1.5724
35%,0.35,18,54,0.70,2,0.111111,0.727285,One target,0.45,0.45,0.30,0.703251,0.599580,0.746402,0.146822,121.5121,105,51,39.8487,6.6415,0.7379,12.0000,1.5724
35%,0.35,18,54,0.70,2,0.111111,0.727285,Both target,0.45,0.30,0.30,0.809300,0.744641,0.864839,0.120197,131.6928,105,51,39.8487,6.6415,0.7379,12.0000,1.5724
40%,0.40,20,60,0.70,2,0.100000,0.706726,Null,0.45,0.45,0.45,0.462725,0.221269,0.288369,0.067100,101.6452,105,45,34.5630,5.7605,0.6401,12.6667,2.1597
40%,0.40,20,60,0.70,2,0.100000,0.706726,One promising,0.45,0.45,0.35,0.630730,0.460200,0.573053,0.112853,116.7657,105,45,34.5630,5.7605,0.6401,12.6667,2.1597
40%,0.40,20,60,0.70,2,0.100000,0.706726,One target,0.45,0.45,0.30,0.727409,0.620685,0.746402,0.125717,125.4668,105,45,34.5630,5.7605,0.6401,12.6667,2.1597
40%,0.40,20,60,0.70,2,0.100000,0.706726,Both target,0.45,0.30,0.30,0.831677,0.764886,0.864839,0.099952,134.8510,105,45,34.5630,5.7605,0.6401,12.6667,2.1597
45%,0.45,23,69,0.70,3,0.130435,0.766840,Null,0.45,0.45,0.45,0.351476,0.195975,0.288369,0.092394,97.4695,105,36,26.7312,4.4552,0.4950,13.6667,3.0299
45%,0.45,23,69,0.70,3,0.130435,0.766840,One promising,0.45,0.45,0.35,0.533017,0.418233,0.573053,0.154820,112.1744,105,36,26.7312,4.4552,0.4950,13.6667,3.0299
45%,0.45,23,69,0.70,3,0.130435,0.766840,One target,0.45,0.45,0.30,0.647755,0.574801,0.746402,0.171602,121.4682,105,36,26.7312,4.4552,0.4950,13.6667,3.0299
45%,0.45,23,69,0.70,3,0.130435,0.766840,Both target,0.45,0.30,0.30,0.769269,0.722029,0.864839,0.142810,131.3108,105,36,26.7312,4.4552,0.4950,13.6667,3.0299
